期間,株式コード,終値
1985/04/07,7203,1250
1985/04/14,7203,1250
1985/04/21,7203,1330
1985/04/28,7203,1300
1985/05/05,7203,1290
1985/05/12,7203,1280
1985/05/19,7203,1270
1985/05/26,7203,1220
1985/06/02,7203,1190
1985/06/09,7203,1240
1985/06/16,7203,1250
1985/06/23,7203,1270
1985/06/30,7203,1280
1985/07/07,7203,1230
1985/07/14,7203,1230
1985/07/21,7203,1200
1985/07/28,7203,1160
1985/08/04,7203,1160
1985/08/11,7203,1180
1985/08/18,7203,1160
1985/08/25,7203,1130
1985/09/01,7203,1130
1985/09/08,7203,1150
1985/09/15,7203,1160
1985/09/22,7203,1040
1985/09/29,7203,1080
1985/10/06,7203,1140
1985/10/13,7203,1110
1985/10/20,7203,1110
1985/10/27,7203,1110
1985/11/03,7203,1130
1985/11/10,7203,1120
1985/11/17,7203,1160
1985/11/24,7203,1160
1985/12/01,7203,1150
1985/12/08,7203,1220
1985/12/15,7203,1190
1985/12/22,7203,1220
1985/12/29,7203,1240
1986/01/05,7203,1250
1986/01/12,7203,1250
1986/01/19,7203,1240
1986/01/26,7203,1230
1986/02/02,7203,1250
1986/02/09,7203,1230
1986/02/16,7203,1220
1986/02/23,7203,1170
1986/03/02,7203,1210
1986/03/09,7203,1150
1986/03/16,7203,1200
1986/03/23,7203,1300
1986/03/30,7203,1450
1986/04/06,7203,1410
1986/04/13,7203,1480
1986/04/20,7203,1630
1986/04/27,7203,1580
1986/05/04,7203,1510
1986/05/11,7203,1480
1986/05/18,7203,1480
1986/05/25,7203,1560
1986/06/01,7203,1510
1986/06/08,7203,1560
1986/06/15,7203,1560
1986/06/22,7203,1560
1986/06/29,7203,1500
1986/07/06,7203,1400
1986/07/13,7203,1260
1986/07/20,7203,1340
1986/07/27,7203,1240
1986/08/03,7203,1440
1986/08/10,7203,1370
1986/08/17,7203,1570
1986/08/24,7203,1580
1986/08/31,7203,1780
1986/09/07,7203,1850
1986/09/14,7203,1890
1986/09/21,7203,2090
1986/09/28,7203,1940
1986/10/05,7203,1970
1986/10/12,7203,1920
1986/10/19,7203,1940
1986/10/26,7203,1930
1986/11/02,7203,1800
1986/11/09,7203,1810
1986/11/16,7203,1940
1986/11/23,7203,1980
1986/11/30,7203,2160
1986/12/07,7203,2190
1986/12/14,7203,2300
1986/12/21,7203,2200
1987/01/04,7203,1950
1987/01/11,7203,1850
1987/01/18,7203,1830
1987/01/25,7203,1880
1987/02/01,7203,1850
1987/02/08,7203,1780
1987/02/15,7203,1830
1987/02/22,7203,1770
1987/03/01,7203,1780
1987/03/08,7203,1830
1987/03/15,7203,1770
1987/03/22,7203,1620
1987/03/29,7203,1560
1987/04/05,7203,1460
1987/04/12,7203,1520
1987/04/19,7203,1490
1987/04/26,7203,1640
1987/05/03,7203,1620
1987/05/10,7203,1620
1987/05/17,7203,1720
1987/05/24,7203,1830
1987/05/31,7203,1840
1987/06/07,7203,1970
1987/06/14,7203,1970
1987/06/21,7203,1960
1987/06/28,7203,1960
1987/07/05,7203,1850
1987/07/12,7203,1780
1987/07/19,7203,1790
1987/07/26,7203,2050
1987/08/02,7203,2000
1987/08/09,7203,2190
1987/08/16,7203,2000
1987/08/23,7203,1930
1987/08/30,7203,1930
1987/09/06,7203,1960
1987/09/13,7203,2000
1987/09/20,7203,2040
1987/09/27,7203,2240
1987/10/04,7203,2400
1987/10/11,7203,2220
1987/10/18,7203,1810
1987/10/25,7203,1830
1987/11/01,7203,1770
1987/11/08,7203,1860
1987/11/15,7203,1850
1987/11/22,7203,1840
1987/11/29,7203,1780
1987/12/06,7203,1810
1987/12/13,7203,1820
1987/12/20,7203,1820
1987/12/27,7203,1840
1988/01/03,7203,1880
1988/01/10,7203,1830
1988/01/17,7203,1840
1988/01/24,7203,1900
1988/01/31,7203,1840
1988/02/07,7203,1910
1988/02/14,7203,2070
1988/02/21,7203,2190
1988/02/28,7203,2390
1988/03/06,7203,2380
1988/03/13,7203,2480
1988/03/20,7203,2300
1988/03/27,7203,2360
1988/04/03,7203,2430
1988/04/10,7203,2430
1988/04/17,7203,2400
1988/04/24,7203,2420
1988/05/01,7203,2380
1988/05/08,7203,2350
1988/05/15,7203,2290
1988/05/22,7203,2240
1988/05/29,7203,2260
1988/06/05,7203,2260
1988/06/12,7203,2290
1988/06/19,7203,2260
1988/06/26,7203,2300
1988/07/03,7203,2440
1988/07/10,7203,2690
1988/07/17,7203,2940
1988/07/24,7203,3000
1988/07/31,7203,2880
1988/08/07,7203,2780
1988/08/14,7203,2810
1988/08/21,7203,2670
1988/08/28,7203,2600
1988/09/04,7203,2530
1988/09/11,7203,2670
1988/09/18,7203,2560
1988/09/25,7203,2600
1988/10/02,7203,2500
1988/10/09,7203,2470
1988/10/16,7203,2450
1988/10/23,7203,2450
1988/10/30,7203,2320
1988/11/06,7203,2280
1988/11/13,7203,2540
1988/11/20,7203,2500
1988/11/27,7203,2450
1988/12/04,7203,2460
1988/12/11,7203,2590
1988/12/18,7203,2530
1988/12/25,7203,2540
1989/01/01,7203,2570
1989/01/08,7203,2630
1989/01/15,7203,2530
1989/01/22,7203,2690
1989/01/29,7203,2570
1989/02/05,7203,2620
1989/02/12,7203,2510
1989/02/19,7203,2560
1989/02/26,7203,2550
1989/03/05,7203,2480
1989/03/12,7203,2510
1989/03/19,7203,2500
1989/03/26,7203,2520
1989/04/02,7203,2480
1989/04/09,7203,2500
1989/04/16,7203,2470
1989/04/23,7203,2530
1989/04/30,7203,2600
1989/05/07,7203,2610
1989/05/14,7203,2670
1989/05/21,7203,2720
1989/05/28,7203,2740
1989/06/04,7203,2680
1989/06/11,7203,2670
1989/06/18,7203,2710
1989/06/25,7203,2530
1989/07/02,7203,2630
1989/07/09,7203,2560
1989/07/16,7203,2550
1989/07/23,7203,2530
1989/07/30,7203,2540
1989/08/06,7203,2640
1989/08/13,7203,2650
1989/08/20,7203,2650
1989/08/27,7203,2620
1989/09/03,7203,2530
1989/09/10,7203,2560
1989/09/17,7203,2530
1989/09/24,7203,2570
1989/10/01,7203,2440
1989/10/08,7203,2790
1989/10/15,7203,2650
1989/10/22,7203,2680
1989/10/29,7203,2690
1989/11/05,7203,2590
1989/11/12,7203,2560
1989/11/19,7203,2600
1989/11/26,7203,2640
1989/12/03,7203,2630
1989/12/10,7203,2610
1989/12/17,7203,2520
1989/12/24,7203,2540
1989/12/31,7203,2530
1990/01/07,7203,2560
1990/01/14,7203,2460
1990/01/21,7203,2490
1990/01/28,7203,2490
1990/02/04,7203,2460
1990/02/11,7203,2520
1990/02/18,7203,2320
1990/02/25,7203,2320
1990/03/04,7203,2330
1990/03/11,7203,2170
1990/03/18,7203,2120
1990/03/25,7203,2220
1990/04/01,7203,2390
1990/04/08,7203,2360
1990/04/15,7203,2340
1990/04/22,7203,2330
1990/04/29,7203,2390
1990/05/06,7203,2440
1990/05/13,7203,2420
1990/05/20,7203,2470
1990/05/27,7203,2530
1990/06/03,7203,2550
1990/06/10,7203,2550
1990/06/17,7203,2560
1990/06/24,7203,2350
1990/07/01,7203,2290
1990/07/08,7203,2270
1990/07/15,7203,2260
1990/07/22,7203,2200
1990/07/29,7203,2060
1990/08/05,7203,1990
1990/08/12,7203,1950
1990/08/19,7203,2000
1990/08/26,7203,2030
1990/09/02,7203,1950
1990/09/09,7203,1910
1990/09/16,7203,1840
1990/09/23,7203,1800
1990/09/30,7203,1940
1990/10/07,7203,1860
1990/10/14,7203,1880
1990/10/21,7203,1860
1990/10/28,7203,1800
1990/11/04,7203,1780
1990/11/11,7203,1750
1990/11/18,7203,1770
1990/11/25,7203,1760
1990/12/02,7203,1800
1990/12/09,7203,1750
1990/12/16,7203,1730
1990/12/23,7203,1750
1990/12/30,7203,1750
1991/01/06,7203,1770
1991/01/13,7203,1790
1991/01/20,7203,1740
1991/01/27,7203,1730
1991/02/03,7203,1730
1991/02/10,7203,1770
1991/02/17,7203,1790
1991/02/24,7203,1840
1991/03/03,7203,1920
1991/03/10,7203,1950
1991/03/17,7203,1830
1991/03/24,7203,1850
1991/03/31,7203,1850
1991/04/07,7203,1830
1991/04/14,7203,1850
1991/04/21,7203,1830
1991/04/28,7203,1870
1991/05/05,7203,1800
1991/05/12,7203,1800
1991/05/19,7203,1800
1991/05/26,7203,1800
1991/06/02,7203,1800
1991/06/09,7203,1830
1991/06/16,7203,1820
1991/06/23,7203,1650
1991/06/30,7203,1640
1991/07/07,7203,1670
1991/07/14,7203,1630
1991/07/21,7203,1650
1991/07/28,7203,1650
1991/08/04,7203,1610
1991/08/11,7203,1540
1991/08/18,7203,1540
1991/08/25,7203,1510
1991/09/01,7203,1540
1991/09/08,7203,1530
1991/09/15,7203,1560
1991/09/22,7203,1580
1991/09/29,7203,1560
1991/10/06,7203,1590
1991/10/13,7203,1600
1991/10/20,7203,1570
1991/10/27,7203,1600
1991/11/03,7203,1570
1991/11/10,7203,1520
1991/11/17,7203,1470
1991/11/24,7203,1470
1991/12/01,7203,1460
1991/12/08,7203,1510
1991/12/15,7203,1440
1991/12/22,7203,1450
1991/12/29,7203,1500
1992/01/05,7203,1430
1992/01/12,7203,1400
1992/01/19,7203,1440
1992/01/26,7203,1460
1992/02/02,7203,1470
1992/02/09,7203,1420
1992/02/16,7203,1460
1992/02/23,7203,1460
1992/03/01,7203,1330
1992/03/08,7203,1260
1992/03/15,7203,1380
1992/03/22,7203,1370
1992/03/29,7203,1370
1992/04/05,7203,1400
1992/04/12,7203,1440
1992/04/19,7203,1460
1992/04/26,7203,1460
1992/05/03,7203,1500
1992/05/10,7203,1460
1992/05/17,7203,1490
1992/05/24,7203,1510
1992/05/31,7203,1520
1992/06/07,7203,1490
1992/06/14,7203,1430
1992/06/21,7203,1450
1992/06/28,7203,1440
1992/07/05,7203,1480
1992/07/12,7203,1500
1992/07/19,7203,1410
1992/07/26,7203,1420
1992/08/02,7203,1420
1992/08/09,7203,1400
1992/08/16,7203,1420
1992/08/23,7203,1470
1992/08/30,7203,1470
1992/09/06,7203,1430
1992/09/13,7203,1460
1992/09/20,7203,1400
1992/09/27,7203,1400
1992/10/04,7203,1440
1992/10/11,7203,1420
1992/10/18,7203,1370
1992/10/25,7203,1410
1992/11/01,7203,1370
1992/11/08,7203,1360
1992/11/15,7203,1410
1992/11/22,7203,1400
1992/11/29,7203,1430
1992/12/06,7203,1440
1992/12/13,7203,1470
1992/12/20,7203,1500
1992/12/27,7203,1480
1993/01/03,7203,1430
1993/01/10,7203,1420
1993/01/17,7203,1380
1993/01/24,7203,1410
1993/01/31,7203,1430
1993/02/07,7203,1400
1993/02/14,7203,1370
1993/02/21,7203,1350
1993/02/28,7203,1310
1993/03/07,7203,1370
1993/03/14,7203,1430
1993/03/21,7203,1450
1993/03/28,7203,1510
1993/04/04,7203,1700
1993/04/11,7203,1680
1993/04/18,7203,1630
1993/04/25,7203,1750
1993/05/02,7203,1750
1993/05/09,7203,1690
1993/05/16,7203,1710
1993/05/23,7203,1640
1993/05/30,7203,1690
1993/06/06,7203,1670
1993/06/13,7203,1550
1993/06/20,7203,1530
1993/06/27,7203,1550
1993/07/04,7203,1550
1993/07/11,7203,1630
1993/07/18,7203,1610
1993/07/25,7203,1640
1993/08/01,7203,1660
1993/08/08,7203,1630
1993/08/15,7203,1650
1993/08/22,7203,1650
1993/08/29,7203,1700
1993/09/05,7203,1720
1993/09/12,7203,1680
1993/09/19,7203,1680
1993/09/26,7203,1690
1993/10/03,7203,1770
1993/10/10,7203,1780
1993/10/17,7203,1850
1993/10/24,7203,1880
1993/10/31,7203,1840
1993/11/07,7203,1790
1993/11/14,7203,1810
1993/11/21,7203,1660
1993/11/28,7203,1730
1993/12/05,7203,1770
1993/12/12,7203,1790
1993/12/19,7203,1720
1993/12/26,7203,1780
1994/01/02,7203,1850
1994/01/09,7203,1850
1994/01/16,7203,1850
1994/01/23,7203,1830
1994/01/30,7203,1950
1994/02/06,7203,1900
1994/02/13,7203,1870
1994/02/20,7203,1990
1994/02/27,7203,2040
1994/03/06,7203,2050
1994/03/13,7203,2060
1994/03/20,7203,1990
1994/03/27,7203,2000
1994/04/03,7203,2000
1994/04/10,7203,2030
1994/04/17,7203,2030
1994/04/24,7203,1990
1994/05/01,7203,1980
1994/05/08,7203,1980
1994/05/15,7203,2010
1994/05/22,7203,2100
1994/05/29,7203,2130
1994/06/05,7203,2120
1994/06/12,7203,2210
1994/06/19,7203,2230
1994/06/26,7203,2170
1994/07/03,7203,2210
1994/07/10,7203,2210
1994/07/17,7203,2170
1994/07/24,7203,2120
1994/07/31,7203,2130
1994/08/07,7203,2170
1994/08/14,7203,2150
1994/08/21,7203,2150
1994/08/28,7203,2160
1994/09/04,7203,2110
1994/09/11,7203,2010
1994/09/18,7203,2050
1994/09/25,7203,2030
1994/10/02,7203,2070
1994/10/09,7203,2070
1994/10/16,7203,2110
1994/10/23,7203,2080
1994/10/30,7203,2110
1994/11/06,7203,2110
1994/11/13,7203,2120
1994/11/20,7203,2070
1994/11/27,7203,2100
1994/12/04,7203,2070
1994/12/11,7203,2060
1994/12/18,7203,2080
1994/12/25,7203,2100
1995/01/01,7203,2090
1995/01/08,7203,2070
1995/01/15,7203,1990
1995/01/22,7203,1920
1995/01/29,7203,1870
1995/02/05,7203,1850
1995/02/12,7203,1800
1995/02/19,7203,1740
1995/02/26,7203,1710
1995/03/05,7203,1660
1995/03/12,7203,1660
1995/03/19,7203,1630
1995/03/26,7203,1770
1995/04/02,7203,1700
1995/04/09,7203,1680
1995/04/16,7203,1740
1995/04/23,7203,1710
1995/04/30,7203,1730
1995/05/07,7203,1630
1995/05/14,7203,1670
1995/05/21,7203,1640
1995/05/28,7203,1680
1995/06/04,7203,1630
1995/06/11,7203,1620
1995/06/18,7203,1670
1995/06/25,7203,1680
1995/07/02,7203,1770
1995/07/09,7203,1880
1995/07/16,7203,1860
1995/07/23,7203,1830
1995/07/30,7203,1830
1995/08/06,7203,1840
1995/08/13,7203,1950
1995/08/20,7203,1910
1995/08/27,7203,1920
1995/09/03,7203,1890
1995/09/10,7203,1910
1995/09/17,7203,1790
1995/09/24,7203,1890
1995/10/01,7203,1930
1995/10/08,7203,1880
1995/10/15,7203,1920
1995/10/22,7203,1860
1995/10/29,7203,1920
1995/11/05,7203,1950
1995/11/12,7203,1960
1995/11/19,7203,1980
1995/11/26,7203,2020
1995/12/03,7203,2050
1995/12/10,7203,2110
1995/12/17,7203,2160
1995/12/24,7203,2190
1995/12/31,7203,2290
1996/01/07,7203,2210
1996/01/14,7203,2270
1996/01/21,7203,2270
1996/01/28,7203,2310
1996/02/04,7203,2300
1996/02/11,7203,2320
1996/02/18,7203,2250
1996/02/25,7203,2260
1996/03/03,7203,2210
1996/03/10,7203,2250
1996/03/17,7203,2330
1996/03/24,7203,2360
1996/03/31,7203,2350
1996/04/07,7203,2350
1996/04/14,7203,2360
1996/04/21,7203,2380
1996/04/28,7203,2370
1996/05/05,7203,2340
1996/05/12,7203,2370
1996/05/19,7203,2400
1996/05/26,7203,2470
1996/06/02,7203,2500
1996/06/09,7203,2590
1996/06/16,7203,2700
1996/06/23,7203,2740
1996/06/30,7203,2710
1996/07/07,7203,2590
1996/07/14,7203,2530
1996/07/21,7203,2540
1996/07/28,7203,2670
1996/08/04,7203,2620
1996/08/11,7203,2610
1996/08/18,7203,2700
1996/08/25,7203,2620
1996/09/01,7203,2640
1996/09/08,7203,2720
1996/09/15,7203,2780
1996/09/22,7203,2850
1996/09/29,7203,2760
1996/10/06,7203,2700
1996/10/13,7203,2800
1996/10/20,7203,2690
1996/10/27,7203,2740
1996/11/03,7203,2840
1996/11/10,7203,2850
1996/11/17,7203,2980
1996/11/24,7203,3110
1996/12/01,7203,3180
1996/12/08,7203,3140
1996/12/15,7203,3230
1996/12/22,7203,3320
1996/12/29,7203,3330
1997/01/05,7203,3080
1997/01/12,7203,3220
1997/01/19,7203,3240
1997/01/26,7203,3130
1997/02/02,7203,3160
1997/02/09,7203,3440
1997/02/16,7203,3300
1997/02/23,7203,3090
1997/03/02,7203,3080
1997/03/09,7203,3110
1997/03/16,7203,3130
1997/03/23,7203,3110
1997/03/30,7203,3160
1997/04/06,7203,3400
1997/04/13,7203,3350
1997/04/20,7203,3590
1997/04/27,7203,3810
1997/05/04,7203,3820
1997/05/11,7203,3570
1997/05/18,7203,3420
1997/05/25,7203,3340
1997/06/01,7203,3410
1997/06/08,7203,3380
1997/06/15,7203,3350
1997/06/22,7203,3330
1997/06/29,7203,3280
1997/07/06,7203,3310
1997/07/13,7203,3430
1997/07/20,7203,3560
1997/07/27,7203,3510
1997/08/03,7203,3310
1997/08/10,7203,3350
1997/08/17,7203,3050
1997/08/24,7203,3150
1997/08/31,7203,3330
1997/09/07,7203,3320
1997/09/14,7203,3570
1997/09/21,7203,3640
1997/09/28,7203,3700
1997/10/05,7203,3680
1997/10/12,7203,3930
1997/10/19,7203,3690
1997/10/26,7203,3350
1997/11/02,7203,3270
1997/11/09,7203,3290
1997/11/16,7203,3580
1997/11/23,7203,3680
1997/11/30,7203,3660
1997/12/07,7203,3630
1997/12/14,7203,3620
1997/12/21,7203,3680
1997/12/28,7203,3740
1998/01/04,7203,3700
1998/01/11,7203,3810
1998/01/18,7203,3640
1998/01/25,7203,3540
1998/02/01,7203,3450
1998/02/08,7203,3310
1998/02/15,7203,3360
1998/02/22,7203,3490
1998/03/01,7203,3500
1998/03/08,7203,3400
1998/03/15,7203,3370
1998/03/22,7203,3360
1998/03/29,7203,3380
1998/04/05,7203,3540
1998/04/12,7203,3410
1998/04/19,7203,3500
1998/04/26,7203,3440
1998/05/03,7203,3370
1998/05/10,7203,3410
1998/05/17,7203,3420
1998/05/24,7203,3430
1998/05/31,7203,3380
1998/06/07,7203,3480
1998/06/14,7203,3430
1998/06/21,7203,3430
1998/06/28,7203,3590
1998/07/05,7203,3460
1998/07/12,7203,3580
1998/07/19,7203,3530
1998/07/26,7203,3550
1998/08/02,7203,3480
1998/08/09,7203,3310
1998/08/16,7203,3290
1998/08/23,7203,2950
1998/08/30,7203,3000
1998/09/06,7203,2840
1998/09/13,7203,2810
1998/09/20,7203,2890
1998/09/27,7203,2960
1998/10/04,7203,2645
1998/10/11,7203,2980
1998/10/18,7203,2875
1998/10/25,7203,2800
1998/11/01,7203,3000
1998/11/08,7203,3020
1998/11/15,7203,3190
1998/11/22,7203,3260
1998/11/29,7203,2985
1998/12/06,7203,3060
1998/12/13,7203,3010
1998/12/20,7203,2940
1998/12/27,7203,3070
1999/01/03,7203,2850
1999/01/10,7203,2700
1999/01/17,7203,2845
1999/01/24,7203,3060
1999/01/31,7203,2970
1999/02/07,7203,3000
1999/02/14,7203,2990
1999/02/21,7203,3100
1999/02/28,7203,3200
1999/03/07,7203,3330
1999/03/14,7203,3360
1999/03/21,7203,3370
1999/03/28,7203,3720
1999/04/04,7203,3580
1999/04/11,7203,3630
1999/04/18,7203,3500
1999/04/25,7203,3390
1999/05/02,7203,3480
1999/05/09,7203,3380
1999/05/16,7203,3330
1999/05/23,7203,3300
1999/05/30,7203,3430
1999/06/06,7203,3680
1999/06/13,7203,3630
1999/06/20,7203,3750
1999/06/27,7203,3990
1999/07/04,7203,3970
1999/07/11,7203,4030
1999/07/18,7203,3800
1999/07/25,7203,4040
1999/08/01,7203,3810
1999/08/08,7203,3740
1999/08/15,7203,3820
1999/08/22,7203,3530
1999/08/29,7203,3460
1999/09/05,7203,3400
1999/09/12,7203,3600
1999/09/19,7203,3290
1999/09/26,7203,3480
1999/10/03,7203,3660
1999/10/10,7203,3520
1999/10/17,7203,3580
1999/10/24,7203,3610
1999/10/31,7203,3660
1999/11/07,7203,3510
1999/11/14,7203,3750
1999/11/21,7203,3680
1999/11/28,7203,3520
1999/12/05,7203,3700
1999/12/12,7203,4720
1999/12/19,7203,4670
1999/12/26,7203,4950
2000/01/02,7203,4430
2000/01/09,7203,4630
2000/01/16,7203,4520
2000/01/23,7203,4600
2000/01/30,7203,4800
2000/02/06,7203,4790
2000/02/13,7203,4690
2000/02/20,7203,4540
2000/02/27,7203,4350
2000/03/05,7203,4820
2000/03/12,7203,4890
2000/03/19,7203,5110
2000/03/26,7203,5370
2000/04/02,7203,5130
2000/04/09,7203,5640
2000/04/16,7203,5640
2000/04/23,7203,5370
2000/04/30,7203,5560
2000/05/07,7203,5350
2000/05/14,7203,5240
2000/05/21,7203,5010
2000/05/28,7203,4970
2000/06/04,7203,5010
2000/06/11,7203,4450
2000/06/18,7203,4660
2000/06/25,7203,4830
2000/07/02,7203,4780
2000/07/09,7203,4840
2000/07/16,7203,4510
2000/07/23,7203,4590
2000/07/30,7203,4670
2000/08/06,7203,4710
2000/08/13,7203,4570
2000/08/20,7203,4620
2000/08/27,7203,4660
2000/09/03,7203,4410
2000/09/10,7203,4240
2000/09/17,7203,4050
2000/09/24,7203,4270
2000/10/01,7203,4460
2000/10/08,7203,4300
2000/10/15,7203,4360
2000/10/22,7203,4360
2000/10/29,7203,4320
2000/11/05,7203,4470
2000/11/12,7203,4070
2000/11/19,7203,3960
2000/11/26,7203,4000
2000/12/03,7203,3770
2000/12/10,7203,3920
2000/12/17,7203,3650
2000/12/24,7203,3650
2000/12/31,7203,3810
2001/01/07,7203,3440
2001/01/14,7203,3950
2001/01/21,7203,3850
2001/01/28,7203,3940
2001/02/04,7203,3950
2001/02/11,7203,4020
2001/02/18,7203,4040
2001/02/25,7203,3930
2001/03/04,7203,4130
2001/03/11,7203,4180
2001/03/18,7203,4520
2001/03/25,7203,4350
2001/04/01,7203,4300
2001/04/08,7203,4090
2001/04/15,7203,4070
2001/04/22,7203,4110
2001/04/29,7203,4260
2001/05/06,7203,4110
2001/05/13,7203,4190
2001/05/20,7203,4270
2001/05/27,7203,4140
2001/06/03,7203,4110
2001/06/10,7203,4170
2001/06/17,7203,4300
2001/06/24,7203,4390
2001/07/01,7203,4330
2001/07/08,7203,4280
2001/07/15,7203,4190
2001/07/22,7203,4120
2001/07/29,7203,4070
2001/08/05,7203,4010
2001/08/12,7203,3830
2001/08/19,7203,3840
2001/08/26,7203,3610
2001/09/02,7203,3700
2001/09/09,7203,3200
2001/09/16,7203,2760
2001/09/23,7203,3060
2001/09/30,7203,3400
2001/10/07,7203,3250
2001/10/14,7203,3020
2001/10/21,7203,3040
2001/10/28,7203,3040
2001/11/04,7203,3120
2001/11/11,7203,3020
2001/11/18,7203,3260
2001/11/25,7203,3150
2001/12/02,7203,3150
2001/12/09,7203,3020
2001/12/16,7203,3120
2001/12/23,7203,3320
2001/12/30,7203,3490
2002/01/06,7203,3550
2002/01/13,7203,3520
2002/01/20,7203,3600
2002/01/27,7203,3490
2002/02/03,7203,3400
2002/02/10,7203,3530
2002/02/17,7203,3490
2002/02/24,7203,3450
2002/03/03,7203,3670
2002/03/10,7203,3820
2002/03/17,7203,3760
2002/03/24,7203,3650
2002/03/31,7203,3700
2002/04/07,7203,3580
2002/04/14,7203,3660
2002/04/21,7203,3540
2002/04/28,7203,3470
2002/05/05,7203,3510
2002/05/12,7203,3580
2002/05/19,7203,3530
2002/05/26,7203,3390
2002/06/02,7203,3290
2002/06/09,7203,3170
2002/06/16,7203,3050
2002/06/23,7203,3180
2002/06/30,7203,3080
2002/07/07,7203,2995
2002/07/14,7203,2955
2002/07/21,7203,2760
2002/07/28,7203,2910
2002/08/04,7203,3140
2002/08/11,7203,2905
2002/08/18,7203,3020
2002/08/25,7203,2935
2002/09/01,7203,2875
2002/09/08,7203,2965
2002/09/15,7203,3170
2002/09/22,7203,3240
2002/09/29,7203,3080
2002/10/06,7203,2920
2002/10/13,7203,3130
2002/10/20,7203,3160
2002/10/27,7203,3110
2002/11/03,7203,3140
2002/11/10,7203,3180
2002/11/17,7203,3140
2002/11/24,7203,3220
2002/12/01,7203,3180
2002/12/08,7203,3130
2002/12/15,7203,3070
2002/12/22,7203,3170
2002/12/29,7203,3190
2003/01/05,7203,3140
2003/01/12,7203,3060
2003/01/19,7203,2985
2003/01/26,7203,2855
2003/02/02,7203,2975
2003/02/09,7203,2975
2003/02/16,7203,2885
2003/02/23,7203,2775
2003/03/02,7203,2785
2003/03/09,7203,2740
2003/03/16,7203,2840
2003/03/23,7203,2805
2003/03/30,7203,2635
2003/04/06,7203,2500
2003/04/13,7203,2610
2003/04/20,7203,2570
2003/04/27,7203,2680
2003/05/04,7203,2755
2003/05/11,7203,2670
2003/05/18,7203,2675
2003/05/25,7203,2860
2003/06/01,7203,3020
2003/06/08,7203,3080
2003/06/15,7203,3160
2003/06/22,7203,3130
2003/06/29,7203,3250
2003/07/06,7203,3270
2003/07/13,7203,3110
2003/07/20,7203,3110
2003/07/27,7203,3040
2003/08/03,7203,3050
2003/08/10,7203,3280
2003/08/17,7203,3300
2003/08/24,7203,3220
2003/08/31,7203,3480
2003/09/07,7203,3670
2003/09/14,7203,3700
2003/09/21,7203,3390
2003/09/28,7203,3400
2003/10/05,7203,3410
2003/10/12,7203,3380
2003/10/19,7203,3220
2003/10/26,7203,3130
2003/11/02,7203,3450
2003/11/09,7203,3360
2003/11/16,7203,3200
2003/11/23,7203,3290
2003/11/30,7203,3450
2003/12/07,7203,3560
2003/12/14,7203,3640
2003/12/21,7203,3600
2003/12/28,7203,3620
2004/01/04,7203,3710
2004/01/11,7203,3630
2004/01/18,7203,3670
2004/01/25,7203,3460
2004/02/01,7203,3550
2004/02/08,7203,3580
2004/02/15,7203,3720
2004/02/22,7203,3770
2004/02/29,7203,3920
2004/03/07,7203,3860
2004/03/14,7203,3760
2004/03/21,7203,3840
2004/03/28,7203,3780
2004/04/04,7203,3900
2004/04/11,7203,3920
2004/04/18,7203,4110
2004/04/25,7203,3990
2004/05/02,7203,3860
2004/05/09,7203,3890
2004/05/16,7203,3890
2004/05/23,7203,4000
2004/05/30,7203,4060
2004/06/06,7203,4160
2004/06/13,7203,4280
2004/06/20,7203,4300
2004/06/27,7203,4410
2004/07/04,7203,4240
2004/07/11,7203,4320
2004/07/18,7203,4270
2004/07/25,7203,4480
2004/08/01,7203,4160
2004/08/08,7203,4140
2004/08/15,7203,4130
2004/08/22,7203,4390
2004/08/29,7203,4210
2004/09/05,7203,4220
2004/09/12,7203,4190
2004/09/19,7203,4150
2004/09/26,7203,4210
2004/10/03,7203,4300
2004/10/10,7203,4110
2004/10/17,7203,4060
2004/10/24,7203,4130
2004/10/31,7203,4140
2004/11/07,7203,4110
2004/11/14,7203,4020
2004/11/21,7203,3910
2004/11/28,7203,3900
2004/12/05,7203,3850
2004/12/12,7203,4040
2004/12/19,7203,4120
2004/12/26,7203,4170
2005/01/02,7203,4150
2005/01/09,7203,4150
2005/01/16,7203,4060
2005/01/23,7203,3980
2005/01/30,7203,4050
2005/02/06,7203,4160
2005/02/13,7203,4170
2005/02/20,7203,4040
2005/02/27,7203,4090
2005/03/06,7203,4100
2005/03/13,7203,4010
2005/03/20,7203,4030
2005/03/27,7203,4020
2005/04/03,7203,4120
2005/04/10,7203,3960
2005/04/17,7203,3850
2005/04/24,7203,3840
2005/05/01,7203,3930
2005/05/08,7203,3830
2005/05/15,7203,3890
2005/05/22,7203,3900
2005/05/29,7203,3890
2005/06/05,7203,3830
2005/06/12,7203,3950
2005/06/19,7203,3940
2005/06/26,7203,4010
2005/07/03,7203,4070
2005/07/10,7203,4190
2005/07/17,7203,4190
2005/07/24,7203,4250
2005/07/31,7203,4170
2005/08/07,7203,4380
2005/08/14,7203,4360
2005/08/21,7203,4540
2005/08/28,7203,4500
2005/09/04,7203,4620
2005/09/11,7203,4760
2005/09/18,7203,4800
2005/09/25,7203,5200
2005/10/02,7203,5100
2005/10/09,7203,5220
2005/10/16,7203,5020
2005/10/23,7203,5200
2005/10/30,7203,5400
2005/11/06,7203,5330
2005/11/13,7203,5890
2005/11/20,7203,5830
2005/11/27,7203,5910
2005/12/04,7203,5800
2005/12/11,7203,5690
2005/12/18,7203,6000
2005/12/25,7203,6120
2006/01/01,7203,6110
2006/01/08,7203,5970
2006/01/15,7203,5990
2006/01/22,7203,5950
2006/01/29,7203,6090
2006/02/05,7203,6060
2006/02/12,7203,6420
2006/02/19,7203,6330
2006/02/26,7203,6120
2006/03/05,7203,6290
2006/03/12,7203,6290
2006/03/19,7203,6350
2006/03/26,7203,6430
2006/04/02,7203,6790
2006/04/09,7203,6740
2006/04/16,7203,6900
2006/04/23,7203,6660
2006/04/30,7203,6800
2006/05/07,7203,6370
2006/05/14,7203,6090
2006/05/21,7203,6110
2006/05/28,7203,6120
2006/06/04,7203,5720
2006/06/11,7203,5840
2006/06/18,7203,5790
2006/06/25,7203,5990
2006/07/02,7203,5980
2006/07/09,7203,5720
2006/07/16,7203,5760
2006/07/23,7203,6020
2006/07/30,7203,6080
2006/08/06,7203,6260
2006/08/13,7203,6490
2006/08/20,7203,6250
2006/08/27,7203,6320
2006/09/03,7203,6200
2006/09/10,7203,6250
2006/09/17,7203,6270
2006/09/24,7203,6420
2006/10/01,7203,6800
2006/10/08,7203,6900
2006/10/15,7203,6880
2006/10/22,7203,7090
2006/10/29,7203,6960
2006/11/05,7203,7140
2006/11/12,7203,7260
2006/11/19,7203,6890
2006/11/26,7203,6980
2006/12/03,7203,7040
2006/12/10,7203,7380
2006/12/17,7203,7800
2006/12/24,7203,7960
2006/12/31,7203,7900
2007/01/07,7203,7820
2007/01/14,7203,7980
2007/01/21,7203,7980
2007/01/28,7203,7950
2007/02/04,7203,8090
2007/02/11,7203,8190
2007/02/18,7203,8230
2007/02/25,7203,7710
2007/03/04,7203,7860
2007/03/11,7203,7610
2007/03/18,7203,7840
2007/03/25,7203,7550
2007/04/01,7203,7400
2007/04/08,7203,7150
2007/04/15,7203,7380
2007/04/22,7203,7320
2007/04/29,7203,7230
2007/05/06,7203,7150
2007/05/13,7203,7340
2007/05/20,7203,7280
2007/05/27,7203,7460
2007/06/03,7203,7470
2007/06/10,7203,7690
2007/06/17,7203,7700
2007/06/24,7203,7800
2007/07/01,7203,7780
2007/07/08,7203,7680
2007/07/15,7203,7560
2007/07/22,7203,7260
2007/07/29,7203,7080
2007/08/05,7203,7090
2007/08/12,7203,6190
2007/08/19,7203,6660
2007/08/26,7203,6760
2007/09/02,7203,6600
2007/09/09,7203,6530
2007/09/16,7203,6560
2007/09/23,7203,6780
2007/09/30,7203,6830
2007/10/07,7203,6560
2007/10/14,7203,6250
2007/10/21,7203,6240
2007/10/28,7203,6480
2007/11/04,7203,6150
2007/11/11,7203,6110
2007/11/18,7203,5870
2007/11/25,7203,6240
2007/12/02,7203,6340
2007/12/09,7203,6090
2007/12/16,7203,6020
2007/12/23,7203,6040
2007/12/30,7203,5780
2008/01/06,7203,5630
2008/01/13,7203,5440
2008/01/20,7203,5570
2008/01/27,7203,5780
2008/02/03,7203,5880
2008/02/10,7203,6030
2008/02/17,7203,5960
2008/02/24,7203,5750
2008/03/02,7203,5330
2008/03/09,7203,5090
2008/03/16,7203,5220
2008/03/23,7203,5240
2008/03/30,7203,4990
2008/04/06,7203,4950
2008/04/13,7203,5110
2008/04/20,7203,5290
2008/04/27,7203,5430
2008/05/04,7203,5300
2008/05/11,7203,5350
2008/05/18,7203,5140
2008/05/25,7203,5370
2008/06/01,7203,5590
2008/06/08,7203,5490
2008/06/15,7203,5410
2008/06/22,7203,5070
2008/06/29,7203,4920
2008/07/06,7203,4890
2008/07/13,7203,4650
2008/07/20,7203,4940
2008/07/27,7203,4610
2008/08/03,7203,4830
2008/08/10,7203,5020
2008/08/17,7203,4770
2008/08/24,7203,4930
2008/08/31,7203,4750
2008/09/07,7203,4790
2008/09/14,7203,4720
2008/09/21,7203,4740
2008/09/28,7203,4080
2008/10/05,7203,3220
2008/10/12,7203,3420
2008/10/19,7203,3200
2008/10/26,7203,3730
2008/11/02,7203,3460
2008/11/09,7203,3140
2008/11/16,7203,3080
2008/11/23,7203,3000
2008/11/30,7203,2650
2008/12/07,7203,2760
2008/12/14,7203,2900
2008/12/21,7203,2900
2008/12/28,7203,2905
2009/01/04,7203,3070
2009/01/11,7203,3010
2009/01/18,7203,2810
2009/01/25,7203,2925
2009/02/01,7203,3090
2009/02/08,7203,3050
2009/02/15,7203,3090
2009/02/22,7203,3180
2009/03/01,7203,2900
2009/03/08,7203,2940
2009/03/15,7203,2965
2009/03/22,7203,3260
2009/03/29,7203,3700
2009/04/05,7203,3910
2009/04/12,7203,3820
2009/04/19,7203,3810
2009/04/26,7203,3900
2009/05/03,7203,3980
2009/05/10,7203,3590
2009/05/17,7203,3570
2009/05/24,7203,3810
2009/05/31,7203,3860
2009/06/07,7203,3860
2009/06/14,7203,3690
2009/06/21,7203,3660
2009/06/28,7203,3640
2009/07/05,7203,3430
2009/07/12,7203,3510
2009/07/19,7203,3750
2009/07/26,7203,3990
2009/08/02,7203,4090
2009/08/09,7203,4120
2009/08/16,7203,3980
2009/08/23,7203,4040
2009/08/30,7203,3850
2009/09/06,7203,3840
2009/09/13,7203,3830
2009/09/20,7203,3710
2009/09/27,7203,3380
2009/10/04,7203,3520
2009/10/11,7203,3620
2009/10/18,7203,3590
2009/10/25,7203,3660
2009/11/01,7203,3520
2009/11/08,7203,3510
2009/11/15,7203,3440
2009/11/22,7203,3300
2009/11/29,7203,3730
2009/12/06,7203,3750
2009/12/13,7203,3740
2009/12/20,7203,3850
2009/12/27,7203,3880
2010/01/03,7203,3960
2010/01/10,7203,4200
2010/01/17,7203,4055
2010/01/24,7203,3490
2010/01/31,7203,3315
2010/02/07,7203,3460
2010/02/14,7203,3300
2010/02/21,7203,3330
2010/02/28,7203,3395
2010/03/07,7203,3475
2010/03/14,7203,3600
2010/03/21,7203,3760
2010/03/28,7203,3775
2010/04/04,7203,3705
2010/04/11,7203,3695
2010/04/18,7203,3570
2010/04/25,7203,3665
2010/05/02,7203,3480
2010/05/09,7203,3530
2010/05/16,7203,3355
2010/05/23,7203,3300
2010/05/30,7203,3345
2010/06/06,7203,3215
2010/06/13,7203,3240
2010/06/20,7203,3135
2010/06/27,7203,3020
2010/07/04,7203,3120
2010/07/11,7203,3135
2010/07/18,7203,3085
2010/07/25,7203,3050
2010/08/01,7203,3115
2010/08/08,7203,3030
2010/08/15,7203,3030
2010/08/22,7203,2941
2010/08/29,7203,2909
2010/09/05,7203,2951
2010/09/12,7203,3085
2010/09/19,7203,3060
2010/09/26,7203,2983
2010/10/03,7203,2895
2010/10/10,7203,2894
2010/10/17,7203,2926
2010/10/24,7203,2859
2010/10/31,7203,2964
2010/11/07,7203,3095
2010/11/14,7203,3265
2010/11/21,7203,3290
2010/11/28,7203,3275
2010/12/05,7203,3230
2010/12/12,7203,3255
2010/12/19,7203,3225
2010/12/26,7203,3220
2011/01/02,7203,3455
2011/01/09,7203,3550
2011/01/16,7203,3370
2011/01/23,7203,3390
2011/01/30,7203,3460
2011/02/06,7203,3775
2011/02/13,7203,3885
2011/02/20,7203,3755
2011/02/27,7203,3785
2011/03/06,7203,3595
2011/03/13,7203,3215
2011/03/20,7203,3275
2011/03/27,7203,3355
2011/04/03,7203,3340
2011/04/10,7203,3240
2011/04/17,7203,3295
2011/04/24,7203,3230
2011/05/01,7203,3210
2011/05/08,7203,3400
2011/05/15,7203,3280
2011/05/22,7203,3335
2011/05/29,7203,3230
2011/06/05,7203,3300
2011/06/12,7203,3175
2011/06/19,7203,3285
2011/06/26,7203,3335
2011/07/03,7203,3445
2011/07/10,7203,3330
2011/07/17,7203,3335
2011/07/24,7203,3155
2011/07/31,7203,3040
2011/08/07,7203,2819
2011/08/14,7203,2768
2011/08/21,7203,2768
2011/08/28,7203,2711
2011/09/04,7203,2680
2011/09/11,7203,2734
2011/09/18,7203,2628
2011/09/25,7203,2688
2011/10/02,7203,2549
2011/10/09,7203,2556
2011/10/16,7203,2547
2011/10/23,7203,2632
2011/10/30,7203,2552
2011/11/06,7203,2454
2011/11/13,7203,2448
2011/11/20,7203,2413
2011/11/27,7203,2594
2011/12/04,7203,2636
2011/12/11,7203,2498
2011/12/18,7203,2496
2011/12/25,7203,2565
2012/01/01,7203,2638
2012/01/08,7203,2637
2012/01/15,7203,2729
2012/01/22,7203,2838
2012/01/29,7203,2899
2012/02/05,7203,3060
2012/02/12,7203,3285
2012/02/19,7203,3380
2012/02/26,7203,3315
2012/03/04,7203,3420
2012/03/11,7203,3580
2012/03/18,7203,3465
2012/03/25,7203,3570
2012/04/01,7203,3390
2012/04/08,7203,3325
2012/04/15,7203,3295
2012/04/22,7203,3305
2012/04/29,7203,3205
2012/05/06,7203,3235
2012/05/13,7203,3030
2012/05/20,7203,3065
2012/05/27,7203,3010
2012/06/03,7203,3020
2012/06/10,7203,2996
2012/06/17,7203,3085
2012/06/24,7203,3190
2012/07/01,7203,3215
2012/07/08,7203,3010
2012/07/15,7203,2967
2012/07/22,7203,2943
2012/07/29,7203,3065
2012/08/05,7203,3170
2012/08/12,7203,3275
2012/08/19,7203,3235
2012/08/26,7203,3095
2012/09/02,7203,3205
2012/09/09,7203,3215
2012/09/16,7203,3200
2012/09/23,7203,3040
2012/09/30,7203,3045
2012/10/07,7203,2934
2012/10/14,7203,3140
2012/10/21,7203,3080
2012/10/28,7203,3140
2012/11/04,7203,3140
2012/11/11,7203,3325
2012/11/18,7203,3515
2012/11/25,7203,3535
2012/12/02,7203,3535
2012/12/09,7203,3600
2012/12/16,7203,3785
2012/12/23,7203,4005
2012/12/30,7203,4260
2013/01/06,7203,4260
2013/01/13,7203,4300
2013/01/20,7203,4340
2013/01/27,7203,4495
2013/02/03,7203,4895
2013/02/10,7203,4725
2013/02/17,7203,4730
2013/02/24,7203,4750
2013/03/03,7203,4910
2013/03/10,7203,5020
2013/03/17,7203,4880
2013/03/24,7203,4860
2013/03/31,7203,5090
2013/04/07,7203,5660
2013/04/14,7203,5480
2013/04/21,7203,5710
2013/04/28,7203,5490
2013/05/05,7203,6050
2013/05/12,7203,6470
2013/05/19,7203,6230
2013/05/26,7203,6010
2013/06/02,7203,5480
2013/06/09,7203,5590
2013/06/16,7203,5840
2013/06/23,7203,5990
2013/06/30,7203,6310
2013/07/07,7203,6410
2013/07/14,7203,6470
2013/07/21,7203,6150
2013/07/28,7203,6430
2013/08/04,7203,6170
2013/08/11,7203,6290
2013/08/18,7203,6220
2013/08/25,7203,5940
2013/09/01,7203,6210
2013/09/08,7203,6280
2013/09/15,7203,6480
2013/09/22,7203,6440
2013/09/29,7203,6180
2013/10/06,7203,6410
2013/10/13,7203,6280
2013/10/20,7203,6200
2013/10/27,7203,6330
2013/11/03,7203,6200
2013/11/10,7203,6370
2013/11/17,7203,6340
2013/11/24,7203,6380
2013/12/01,7203,6220
2013/12/08,7203,6180
2013/12/15,7203,6170
2013/12/22,7203,6390
2013/12/29,7203,6420
2014/01/05,7203,6290
2014/01/12,7203,6200
2014/01/19,7203,6170
2014/01/26,7203,5922
2014/02/02,7203,5900
2014/02/09,7203,5813
2014/02/16,7203,5982
2014/02/23,7203,5839
2014/03/02,7203,5889
2014/03/09,7203,5551
2014/03/16,7203,5425
2014/03/23,7203,5785
2014/03/30,7203,5792
2014/04/06,7203,5314
2014/04/13,7203,5564
2014/04/20,7203,5494
2014/04/27,7203,5631
2014/05/04,7203,5561
2014/05/11,7203,5522
2014/05/18,7203,5557
2014/05/25,7203,5761
2014/06/01,7203,5869
2014/06/08,7203,5854
2014/06/15,7203,6030
2014/06/22,7203,6048
2014/06/29,7203,6201
2014/07/06,7203,5981
2014/07/13,7203,6006
2014/07/20,7203,6107
2014/07/27,7203,6087
2014/08/03,7203,5905
2014/08/10,7203,5991
2014/08/17,7203,5943
2014/08/24,7203,5928
2014/08/31,7203,6115
2014/09/07,7203,6303
2014/09/14,7203,6494
2014/09/21,7203,6453
2014/09/28,7203,6290
2014/10/05,7203,6220
2014/10/12,7203,5731
2014/10/19,7203,6151
2014/10/26,7203,6498
2014/11/02,7203,6817
2014/11/09,7203,6969
2014/11/16,7203,7089
2014/11/23,7203,7314
2014/11/30,7203,7742
2014/12/07,7203,7500
2014/12/14,7203,7562
2014/12/21,7203,7696
2014/12/28,7203,7558
2015/01/04,7203,7609
2015/01/11,7203,7514
2015/01/18,7203,7685
2015/01/25,7203,7645
2015/02/01,7203,7623
2015/02/08,7203,7808
2015/02/15,7203,8078
2015/02/22,7203,8063
2015/03/01,7203,8190
2015/03/08,7203,8257
2015/03/15,7203,8598
2015/03/22,7203,8481
2015/03/29,7203,8426
2015/04/05,7203,8326
2015/04/12,7203,8297
2015/04/19,7203,8413
2015/04/26,7203,8315
2015/05/03,7203,8279
2015/05/10,7203,8296
2015/05/17,7203,8346
2015/05/24,7203,8604
2015/05/31,7203,8470
2015/06/07,7203,8394
2015/06/14,7203,8234
2015/06/21,7203,8333
2015/06/28,7203,8182
2015/07/05,7203,7925
2015/07/12,7203,8345
2015/07/19,7203,8277
2015/07/26,7203,8253
2015/08/02,7203,8118
2015/08/09,7203,7945
2015/08/16,7203,7500
2015/08/23,7203,7346
2015/08/30,7203,7004
2015/09/06,7203,7072
2015/09/13,7203,7234
2015/09/20,7203,7195
2015/09/27,7203,7257
2015/10/04,7203,7500
2015/10/11,7203,7400
2015/10/18,7203,7522
2015/10/25,7203,7469
2015/11/01,7203,7502
2015/11/08,7203,7525
2015/11/15,7203,7583
2015/11/22,7203,7670
2015/11/29,7203,7692
2015/12/06,7203,7685
2015/12/13,7203,7658
2015/12/20,7203,7483
2015/12/27,7203,7488
2016/01/03,7203,6864
2016/01/10,7203,6759
2016/01/17,7203,6822
2016/01/24,7203,7200
2016/01/31,7203,6625
2016/02/07,7203,5710
2016/02/14,7203,5999
2016/02/21,7203,5910
2016/02/28,7203,6229
2016/03/06,7203,6140
2016/03/13,7203,5888
2016/03/20,7203,6180
2016/03/27,7203,5771
2016/04/03,7203,5467
2016/04/10,7203,5740
2016/04/17,7203,5919
2016/04/24,7203,5654
2016/05/01,7203,5478
2016/05/08,7203,5454
2016/05/15,7203,5562
2016/05/22,7203,5589
2016/05/29,7203,5675
2016/06/05,7203,5627
2016/06/12,7203,5421
2016/06/19,7203,5240
2016/06/26,7203,5107
2016/07/03,7203,5055
2016/07/10,7203,5759
2016/07/17,7203,5838
2016/07/24,7203,5894
2016/07/31,7203,5860
2016/08/07,7203,6000
2016/08/14,7203,6026
2016/08/21,7203,5911
2016/08/28,7203,6266
2016/09/04,7203,6171
2016/09/11,7203,5866
2016/09/18,7203,5950
2016/09/25,7203,5779
2016/10/02,7203,6006
2016/10/09,7203,5993
2016/10/16,7203,5972
2016/10/23,7203,6043
2016/10/30,7203,5698
2016/11/06,7203,5952
2016/11/13,7203,6316
2016/11/20,7203,6689
2016/11/27,7203,6686
2016/12/04,7203,7003
2016/12/11,7203,7155
2016/12/18,7203,7090
2016/12/25,7203,6878
2017/01/01,7203,6930
2017/01/08,7203,6882
2017/01/15,7203,6801
2017/01/22,7203,6704
2017/01/29,7203,6445
2017/02/05,7203,6446
2017/02/12,7203,6400
2017/02/19,7203,6448
2017/02/26,7203,6455
2017/03/05,7203,6520
2017/03/12,7203,6377
2017/03/19,7203,6229
2017/03/26,7203,6042
2017/04/02,7203,5832
2017/04/09,7203,5798
2017/04/16,7203,5855
2017/04/23,7203,6035
2017/04/30,7203,6143
